No.,作者,本文,作品名
01,太宰 治,"　メロスは激怒した。必ず、かの邪智暴虐じゃちぼうぎゃくの王を除かなければならぬと決意した。メロスには政治がわからぬ。メロスは、村の牧人である。笛を吹き、羊と遊んで暮して来た。けれども邪悪に対しては、人一倍に敏感であった。きょう未明メロスは村を出発し、野を越え山越え、十里はなれた此このシラクスの市にやって来た。メロスには父も、母も無い。女房も無い。十六の、内気な妹と二人暮しだ。この妹は、村の或る律気な一牧人を、近々、花婿はなむことして迎える事になっていた。結婚式も間近かなのである。メロスは、それゆえ、花嫁の衣裳やら祝宴の御馳走やらを買いに、はるばる市にやって来たのだ。先ず、その品々を買い集め、それから都の大路をぶらぶら歩いた。メロスには竹馬の友があった。セリヌンティウスである。今は此のシラクスの市で、石工をしている。その友を、これから訪ねてみるつもりなのだ。久しく逢わなかったのだから、訪ねて行くのが楽しみである。歩いているうちにメロスは、まちの様子を怪しく思った。ひっそりしている。もう既に日も落ちて、まちの暗いのは当りまえだが、けれども、なんだか、夜のせいばかりでは無く、市全体が、やけに寂しい。のんきなメロスも、だんだん不安になって来た。路で逢った若い衆をつかまえて、何かあったのか、二年まえに此の市に来たときは、夜でも皆が歌をうたって、まちは賑やかであった筈はずだが、と質問した。若い衆は、首を振って答えなかった。しばらく歩いて老爺ろうやに逢い、こんどはもっと、語勢を強くして質問した。老爺は答えなかった。メロスは両手で老爺のからだをゆすぶって質問を重ねた。老爺は、あたりをはばかる低声で、わずか答えた。
「王様は、人を殺します。」
「なぜ殺すのだ。」
「悪心を抱いている、というのですが、誰もそんな、悪心を持っては居りませぬ。」
「たくさんの人を殺したのか。」
「はい、はじめは王様の妹婿さまを。それから、御自身のお世嗣よつぎを。それから、妹さまを。それから、妹さまの御子さまを。それから、皇后さまを。それから、賢臣のアレキス様を。」
「おどろいた。国王は乱心か。」
「いいえ、乱心ではございませぬ。人を、信ずる事が出来ぬ、というのです。このごろは、臣下の心をも、お疑いになり、少しく派手な暮しをしている者には、人質ひとりずつ差し出すことを命じて居ります。御命令を拒めば十字架にかけられて、殺されます。きょうは、六人殺されました。」
　聞いて、メロスは激怒した。「呆あきれた王だ。生かして置けぬ。」
　メロスは、単純な男であった。買い物を、背負ったままで、のそのそ王城にはいって行った。たちまち彼は、巡邏じゅんらの警吏に捕縛された。調べられて、メロスの懐中からは短剣が出て来たので、騒ぎが大きくなってしまった。メロスは、王の前に引き出された。
「この短刀で何をするつもりであったか。言え！」暴君ディオニスは静かに、けれども威厳を以もって問いつめた。その王の顔は蒼白そうはくで、眉間みけんの皺しわは、刻み込まれたように深かった。
「市を暴君の手から救うのだ。」とメロスは悪びれずに答えた。
「おまえがか？」王は、憫笑びんしょうした。「仕方の無いやつじゃ。おまえには、わしの孤独がわからぬ。」
「言うな！」とメロスは、いきり立って反駁はんばくした。「人の心を疑うのは、最も恥ずべき悪徳だ。王は、民の忠誠をさえ疑って居られる。」
「疑うのが、正当の心構えなのだと、わしに教えてくれたのは、おまえたちだ。人の心は、あてにならない。人間は、もともと私慾のかたまりさ。信じては、ならぬ。」暴君は落着いて呟つぶやき、ほっと溜息ためいきをついた。「わしだって、平和を望んでいるのだが。」
「なんの為の平和だ。自分の地位を守る為か。」こんどはメロスが嘲笑した。「罪の無い人を殺して、何が平和だ。」
「だまれ、下賤げせんの者。」王は、さっと顔を挙げて報いた。「口では、どんな清らかな事でも言える。わしには、人の腹綿の奥底が見え透いてならぬ。おまえだって、いまに、磔はりつけになってから、泣いて詫わびたって聞かぬぞ。」
「ああ、王は悧巧りこうだ。自惚うぬぼれているがよい。私は、ちゃんと死ぬる覚悟で居るのに。命乞いなど決してしない。ただ、――」と言いかけて、メロスは足もとに視線を落し瞬時ためらい、「ただ、私に情をかけたいつもりなら、処刑までに三日間の日限を与えて下さい。たった一人の妹に、亭主を持たせてやりたいのです。三日のうちに、私は村で結婚式を挙げさせ、必ず、ここへ帰って来ます。」
「ばかな。」と暴君は、嗄しわがれた声で低く笑った。「とんでもない嘘うそを言うわい。逃がした小鳥が帰って来るというのか。」
「そうです。帰って来るのです。」メロスは必死で言い張った。「私は約束を守ります。私を、三日間だけ許して下さい。妹が、私の帰りを待っているのだ。そんなに私を信じられないならば、よろしい、この市にセリヌンティウスという石工がいます。私の無二の友人だ。あれを、人質としてここに置いて行こう。私が逃げてしまって、三日目の日暮まで、ここに帰って来なかったら、あの友人を絞め殺して下さい。たのむ、そうして下さい。」
　それを聞いて王は、残虐な気持で、そっと北叟笑ほくそえんだ。生意気なことを言うわい。どうせ帰って来ないにきまっている。この嘘つきに騙だまされた振りして、放してやるのも面白い。そうして身代りの男を、三日目に殺してやるのも気味がいい。人は、これだから信じられぬと、わしは悲しい顔して、その身代りの男を磔刑に処してやるのだ。世の中の、正直者とかいう奴輩やつばらにうんと見せつけてやりたいものさ。
「願いを、聞いた。その身代りを呼ぶがよい。三日目には日没までに帰って来い。おくれたら、その身代りを、きっと殺すぞ。ちょっとおくれて来るがいい。おまえの罪は、永遠にゆるしてやろうぞ。」
「なに、何をおっしゃる。」
「はは。いのちが大事だったら、おくれて来い。おまえの心は、わかっているぞ。」
　メロスは口惜しく、地団駄じだんだ踏んだ。ものも言いたくなくなった。
　竹馬の友、セリヌンティウスは、深夜、王城に召された。暴君ディオニスの面前で、佳よき友と佳き友は、二年ぶりで相逢うた。メロスは、友に一切の事情を語った。セリヌンティウスは無言で首肯うなずき、メロスをひしと抱きしめた。友と友の間は、それでよかった。セリヌンティウスは、縄打たれた。メロスは、すぐに出発した。初夏、満天の星である。
　メロスはその夜、一睡もせず十里の路を急ぎに急いで、村へ到着したのは、翌あくる日の午前、陽は既に高く昇って、村人たちは野に出て仕事をはじめていた。メロスの十六の妹も、きょうは兄の代りに羊群の番をしていた。よろめいて歩いて来る兄の、疲労困憊こんぱいの姿を見つけて驚いた。そうして、うるさく兄に質問を浴びせた。
「なんでも無い。」メロスは無理に笑おうと努めた。「市に用事を残して来た。またすぐ市に行かなければならぬ。あす、おまえの結婚式を挙げる。早いほうがよかろう。」
　妹は頬をあからめた。
「うれしいか。綺麗きれいな衣裳も買って来た。さあ、これから行って、村の人たちに知らせて来い。結婚式は、あすだと。」
　メロスは、また、よろよろと歩き出し、家へ帰って神々の祭壇を飾り、祝宴の席を調え、間もなく床に倒れ伏し、呼吸もせぬくらいの深い眠りに落ちてしまった。
　眼が覚めたのは夜だった。メロスは起きてすぐ、花婿の家を訪れた。そうして、少し事情があるから、結婚式を明日にしてくれ、と頼んだ。婿の牧人は驚き、それはいけない、こちらには未だ何の仕度も出来ていない、葡萄ぶどうの季節まで待ってくれ、と答えた。メロスは、待つことは出来ぬ、どうか明日にしてくれ給え、と更に押してたのんだ。婿の牧人も頑強であった。なかなか承諾してくれない。夜明けまで議論をつづけて、やっと、どうにか婿をなだめ、すかして、説き伏せた。結婚式は、真昼に行われた。新郎新婦の、神々への宣誓が済んだころ、黒雲が空を覆い、ぽつりぽつり雨が降り出し、やがて車軸を流すような大雨となった。祝宴に列席していた村人たちは、何か不吉なものを感じたが、それでも、めいめい気持を引きたて、狭い家の中で、むんむん蒸し暑いのも怺こらえ、陽気に歌をうたい、手を拍うった。メロスも、満面に喜色を湛たたえ、しばらくは、王とのあの約束をさえ忘れていた。祝宴は、夜に入っていよいよ乱れ華やかになり、人々は、外の豪雨を全く気にしなくなった。メロスは、一生このままここにいたい、と思った。この佳い人たちと生涯暮して行きたいと願ったが、いまは、自分のからだで、自分のものでは無い。ままならぬ事である。メロスは、わが身に鞭打ち、ついに出発を決意した。あすの日没までには、まだ十分の時が在る。ちょっと一眠りして、それからすぐに出発しよう、と考えた。その頃には、雨も小降りになっていよう。少しでも永くこの家に愚図愚図とどまっていたかった。メロスほどの男にも、やはり未練の情というものは在る。今宵呆然、歓喜に酔っているらしい花嫁に近寄り、
「おめでとう。私は疲れてしまったから、ちょっとご免こうむって眠りたい。眼が覚めたら、すぐに市に出かける。大切な用事があるのだ。私がいなくても、もうおまえには優しい亭主があるのだから、決して寂しい事は無い。おまえの兄の、一ばんきらいなものは、人を疑う事と、それから、嘘をつく事だ。おまえも、それは、知っているね。亭主との間に、どんな秘密でも作ってはならぬ。おまえに言いたいのは、それだけだ。おまえの兄は、たぶん偉い男なのだから、おまえもその誇りを持っていろ。」
　花嫁は、夢見心地で首肯うなずいた。メロスは、それから花婿の肩をたたいて、
「仕度の無いのはお互さまさ。私の家にも、宝といっては、妹と羊だけだ。他には、何も無い。全部あげよう。もう一つ、メロスの弟になったことを誇ってくれ。」
　花婿は揉もみ手して、てれていた。メロスは笑って村人たちにも会釈えしゃくして、宴席から立ち去り、羊小屋にもぐり込んで、死んだように深く眠った。
　眼が覚めたのは翌る日の薄明の頃である。メロスは跳ね起き、南無三、寝過したか、いや、まだまだ大丈夫、これからすぐに出発すれば、約束の刻限までには十分間に合う。きょうは是非とも、あの王に、人の信実の存するところを見せてやろう。そうして笑って磔の台に上ってやる。メロスは、悠々と身仕度をはじめた。雨も、いくぶん小降りになっている様子である。身仕度は出来た。さて、メロスは、ぶるんと両腕を大きく振って、雨中、矢の如く走り出た。
　私は、今宵、殺される。殺される為に走るのだ。身代りの友を救う為に走るのだ。王の奸佞かんねい邪智を打ち破る為に走るのだ。走らなければならぬ。そうして、私は殺される。若い時から名誉を守れ。さらば、ふるさと。若いメロスは、つらかった。幾度か、立ちどまりそうになった。えい、えいと大声挙げて自身を叱りながら走った。村を出て、野を横切り、森をくぐり抜け、隣村に着いた頃には、雨も止やみ、日は高く昇って、そろそろ暑くなって来た。メロスは額ひたいの汗をこぶしで払い、ここまで来れば大丈夫、もはや故郷への未練は無い。妹たちは、きっと佳い夫婦になるだろう。私には、いま、なんの気がかりも無い筈だ。まっすぐに王城に行き着けば、それでよいのだ。そんなに急ぐ必要も無い。ゆっくり歩こう、と持ちまえの呑気のんきさを取り返し、好きな小歌をいい声で歌い出した。ぶらぶら歩いて二里行き三里行き、そろそろ全里程の半ばに到達した頃、降って湧わいた災難、メロスの足は、はたと、とまった。見よ、前方の川を。きのうの豪雨で山の水源地は氾濫はんらんし、濁流滔々とうとうと下流に集り、猛勢一挙に橋を破壊し、どうどうと響きをあげる激流が、木葉微塵こっぱみじんに橋桁はしげたを跳ね飛ばしていた。彼は茫然と、立ちすくんだ。あちこちと眺めまわし、また、声を限りに呼びたててみたが、繋舟けいしゅうは残らず浪に浚さらわれて影なく、渡守りの姿も見えない。流れはいよいよ、ふくれ上り、海のようになっている。メロスは川岸にうずくまり、男泣きに泣きながらゼウスに手を挙げて哀願した。「ああ、鎮しずめたまえ、荒れ狂う流れを！　時は刻々に過ぎて行きます。太陽も既に真昼時です。あれが沈んでしまわぬうちに、王城に行き着くことが出来なかったら、あの佳い友達が、私のために死ぬのです。」
　濁流は、メロスの叫びをせせら笑う如く、ますます激しく躍り狂う。浪は浪を呑み、捲き、煽あおり立て、そうして時は、刻一刻と消えて行く。今はメロスも覚悟した。泳ぎ切るより他に無い。ああ、神々も照覧あれ！　濁流にも負けぬ愛と誠の偉大な力を、いまこそ発揮して見せる。メロスは、ざんぶと流れに飛び込み、百匹の大蛇のようにのた打ち荒れ狂う浪を相手に、必死の闘争を開始した。満身の力を腕にこめて、押し寄せ渦巻き引きずる流れを、なんのこれしきと掻かきわけ掻きわけ、めくらめっぽう獅子奮迅の人の子の姿には、神も哀れと思ったか、ついに憐愍れんびんを垂れてくれた。押し流されつつも、見事、対岸の樹木の幹に、すがりつく事が出来たのである。ありがたい。メロスは馬のように大きな胴震いを一つして、すぐにまた先きを急いだ。一刻といえども、むだには出来ない。陽は既に西に傾きかけている。ぜいぜい荒い呼吸をしながら峠をのぼり、のぼり切って、ほっとした時、突然、目の前に一隊の山賊が躍り出た。
「待て。」
「何をするのだ。私は陽の沈まぬうちに王城へ行かなければならぬ。放せ。」
「どっこい放さぬ。持ちもの全部を置いて行け。」
「私にはいのちの他には何も無い。その、たった一つの命も、これから王にくれてやるのだ。」
「その、いのちが欲しいのだ。」
「さては、王の命令で、ここで私を待ち伏せしていたのだな。」
　山賊たちは、ものも言わず一斉に棍棒こんぼうを振り挙げた。メロスはひょいと、からだを折り曲げ、飛鳥の如く身近かの一人に襲いかかり、その棍棒を奪い取って、
「気の毒だが正義のためだ！」と猛然一撃、たちまち、三人を殴り倒し、残る者のひるむ隙すきに、さっさと走って峠を下った。一気に峠を駈け降りたが、流石さすがに疲労し、折から午後の灼熱しゃくねつの太陽がまともに、かっと照って来て、メロスは幾度となく眩暈めまいを感じ、これではならぬ、と気を取り直しては、よろよろ二、三歩あるいて、ついに、がくりと膝を折った。立ち上る事が出来ぬのだ。天を仰いで、くやし泣きに泣き出した。ああ、あ、濁流を泳ぎ切り、山賊を三人も撃ち倒し韋駄天いだてん、ここまで突破して来たメロスよ。真の勇者、メロスよ。今、ここで、疲れ切って動けなくなるとは情無い。愛する友は、おまえを信じたばかりに、やがて殺されなければならぬ。おまえは、稀代きたいの不信の人間、まさしく王の思う壺つぼだぞ、と自分を叱ってみるのだが、全身萎なえて、もはや芋虫いもむしほどにも前進かなわぬ。路傍の草原にごろりと寝ころがった。身体疲労すれば、精神も共にやられる。もう、どうでもいいという、勇者に不似合いな不貞腐ふてくされた根性が、心の隅に巣喰った。私は、これほど努力したのだ。約束を破る心は、みじんも無かった。神も照覧、私は精一ぱいに努めて来たのだ。動けなくなるまで走って来たのだ。私は不信の徒では無い。ああ、できる事なら私の胸を截たち割って、真紅の心臓をお目に掛けたい。愛と信実の血液だけで動いているこの心臓を見せてやりたい。けれども私は、この大事な時に、精も根も尽きたのだ。私は、よくよく不幸な男だ。私は、きっと笑われる。私の一家も笑われる。私は友を欺あざむいた。中途で倒れるのは、はじめから何もしないのと同じ事だ。ああ、もう、どうでもいい。これが、私の定った運命なのかも知れない。セリヌンティウスよ、ゆるしてくれ。君は、いつでも私を信じた。私も君を、欺かなかった。私たちは、本当に佳い友と友であったのだ。いちどだって、暗い疑惑の雲を、お互い胸に宿したことは無かった。いまだって、君は私を無心に待っているだろう。ああ、待っているだろう。ありがとう、セリヌンティウス。よくも私を信じてくれた。それを思えば、たまらない。友と友の間の信実は、この世で一ばん誇るべき宝なのだからな。セリヌンティウス、私は走ったのだ。君を欺くつもりは、みじんも無かった。信じてくれ！　私は急ぎに急いでここまで来たのだ。濁流を突破した。山賊の囲みからも、するりと抜けて一気に峠を駈け降りて来たのだ。私だから、出来たのだよ。ああ、この上、私に望み給うな。放って置いてくれ。どうでも、いいのだ。私は負けたのだ。だらしが無い。笑ってくれ。王は私に、ちょっとおくれて来い、と耳打ちした。おくれたら、身代りを殺して、私を助けてくれると約束した。私は王の卑劣を憎んだ。けれども、今になってみると、私は王の言うままになっている。私は、おくれて行くだろう。王は、ひとり合点して私を笑い、そうして事も無く私を放免するだろう。そうなったら、私は、死ぬよりつらい。私は、永遠に裏切者だ。地上で最も、不名誉の人種だ。セリヌンティウスよ、私も死ぬぞ。君と一緒に死なせてくれ。君だけは私を信じてくれるにちがい無い。いや、それも私の、ひとりよがりか？　ああ、もういっそ、悪徳者として生き伸びてやろうか。村には私の家が在る。羊も居る。妹夫婦は、まさか私を村から追い出すような事はしないだろう。正義だの、信実だの、愛だの、考えてみれば、くだらない。人を殺して自分が生きる。それが人間世界の定法ではなかったか。ああ、何もかも、ばかばかしい。私は、醜い裏切り者だ。どうとも、勝手にするがよい。やんぬる哉かな。――四肢を投げ出して、うとうと、まどろんでしまった。
　ふと耳に、潺々せんせん、水の流れる音が聞えた。そっと頭をもたげ、息を呑んで耳をすました。すぐ足もとで、水が流れているらしい。よろよろ起き上って、見ると、岩の裂目から滾々こんこんと、何か小さく囁ささやきながら清水が湧き出ているのである。その泉に吸い込まれるようにメロスは身をかがめた。水を両手で掬すくって、一くち飲んだ。ほうと長い溜息が出て、夢から覚めたような気がした。歩ける。行こう。肉体の疲労恢復かいふくと共に、わずかながら希望が生れた。義務遂行の希望である。わが身を殺して、名誉を守る希望である。斜陽は赤い光を、樹々の葉に投じ、葉も枝も燃えるばかりに輝いている。日没までには、まだ間がある。私を、待っている人があるのだ。少しも疑わず、静かに期待してくれている人があるのだ。私は、信じられている。私の命なぞは、問題ではない。死んでお詫び、などと気のいい事は言って居られぬ。私は、信頼に報いなければならぬ。いまはただその一事だ。走れ！　メロス。
　私は信頼されている。私は信頼されている。先刻の、あの悪魔の囁きは、あれは夢だ。悪い夢だ。忘れてしまえ。五臓が疲れているときは、ふいとあんな悪い夢を見るものだ。メロス、おまえの恥ではない。やはり、おまえは真の勇者だ。再び立って走れるようになったではないか。ありがたい！　私は、正義の士として死ぬ事が出来るぞ。ああ、陽が沈む。ずんずん沈む。待ってくれ、ゼウスよ。私は生れた時から正直な男であった。正直な男のままにして死なせて下さい。
　路行く人を押しのけ、跳はねとばし、メロスは黒い風のように走った。野原で酒宴の、その宴席のまっただ中を駈け抜け、酒宴の人たちを仰天させ、犬を蹴けとばし、小川を飛び越え、少しずつ沈んでゆく太陽の、十倍も早く走った。一団の旅人と颯さっとすれちがった瞬間、不吉な会話を小耳にはさんだ。「いまごろは、あの男も、磔にかかっているよ。」ああ、その男、その男のために私は、いまこんなに走っているのだ。その男を死なせてはならない。急げ、メロス。おくれてはならぬ。愛と誠の力を、いまこそ知らせてやるがよい。風態なんかは、どうでもいい。メロスは、いまは、ほとんど全裸体であった。呼吸も出来ず、二度、三度、口から血が噴き出た。見える。はるか向うに小さく、シラクスの市の塔楼が見える。塔楼は、夕陽を受けてきらきら光っている。
「ああ、メロス様。」うめくような声が、風と共に聞えた。
「誰だ。」メロスは走りながら尋ねた。
「フィロストラトスでございます。貴方のお友達セリヌンティウス様の弟子でございます。」その若い石工も、メロスの後について走りながら叫んだ。「もう、駄目でございます。むだでございます。走るのは、やめて下さい。もう、あの方かたをお助けになることは出来ません。」
「いや、まだ陽は沈まぬ。」
「ちょうど今、あの方が死刑になるところです。ああ、あなたは遅かった。おうらみ申します。ほんの少し、もうちょっとでも、早かったなら！」
「いや、まだ陽は沈まぬ。」メロスは胸の張り裂ける思いで、赤く大きい夕陽ばかりを見つめていた。走るより他は無い。
「やめて下さい。走るのは、やめて下さい。いまはご自分のお命が大事です。あの方は、あなたを信じて居りました。刑場に引き出されても、平気でいました。王様が、さんざんあの方をからかっても、メロスは来ます、とだけ答え、強い信念を持ちつづけている様子でございました。」
「それだから、走るのだ。信じられているから走るのだ。間に合う、間に合わぬは問題でないのだ。人の命も問題でないのだ。私は、なんだか、もっと恐ろしく大きいものの為に走っているのだ。ついて来い！　フィロストラトス。」
「ああ、あなたは気が狂ったか。それでは、うんと走るがいい。ひょっとしたら、間に合わぬものでもない。走るがいい。」
　言うにや及ぶ。まだ陽は沈まぬ。最後の死力を尽して、メロスは走った。メロスの頭は、からっぽだ。何一つ考えていない。ただ、わけのわからぬ大きな力にひきずられて走った。陽は、ゆらゆら地平線に没し、まさに最後の一片の残光も、消えようとした時、メロスは疾風の如く刑場に突入した。間に合った。
「待て。その人を殺してはならぬ。メロスが帰って来た。約束のとおり、いま、帰って来た。」と大声で刑場の群衆にむかって叫んだつもりであったが、喉のどがつぶれて嗄しわがれた声が幽かすかに出たばかり、群衆は、ひとりとして彼の到着に気がつかない。すでに磔の柱が高々と立てられ、縄を打たれたセリヌンティウスは、徐々に釣り上げられてゆく。メロスはそれを目撃して最後の勇、先刻、濁流を泳いだように群衆を掻きわけ、掻きわけ、
「私だ、刑吏！　殺されるのは、私だ。メロスだ。彼を人質にした私は、ここにいる！」と、かすれた声で精一ぱいに叫びながら、ついに磔台に昇り、釣り上げられてゆく友の両足に、齧かじりついた。群衆は、どよめいた。あっぱれ。ゆるせ、と口々にわめいた。セリヌンティウスの縄は、ほどかれたのである。
「セリヌンティウス。」メロスは眼に涙を浮べて言った。「私を殴れ。ちから一ぱいに頬を殴れ。私は、途中で一度、悪い夢を見た。君が若もし私を殴ってくれなかったら、私は君と抱擁する資格さえ無いのだ。殴れ。」
　セリヌンティウスは、すべてを察した様子で首肯うなずき、刑場一ぱいに鳴り響くほど音高くメロスの右頬を殴った。殴ってから優しく微笑ほほえみ、
「メロス、私を殴れ。同じくらい音高く私の頬を殴れ。私はこの三日の間、たった一度だけ、ちらと君を疑った。生れて、はじめて君を疑った。君が私を殴ってくれなければ、私は君と抱擁できない。」
　メロスは腕に唸うなりをつけてセリヌンティウスの頬を殴った。
「ありがとう、友よ。」二人同時に言い、ひしと抱き合い、それから嬉し泣きにおいおい声を放って泣いた。
　群衆の中からも、歔欷きょきの声が聞えた。暴君ディオニスは、群衆の背後から二人の様を、まじまじと見つめていたが、やがて静かに二人に近づき、顔をあからめて、こう言った。
「おまえらの望みは叶かなったぞ。おまえらは、わしの心に勝ったのだ。信実とは、決して空虚な妄想ではなかった。どうか、わしをも仲間に入れてくれまいか。どうか、わしの願いを聞き入れて、おまえらの仲間の一人にしてほしい。」
　どっと群衆の間に、歓声が起った。
「万歳、王様万歳。」
　ひとりの少女が、緋ひのマントをメロスに捧げた。メロスは、まごついた。佳き友は、気をきかせて教えてやった。
「メロス、君は、まっぱだかじゃないか。早くそのマントを着るがいい。この可愛い娘さんは、メロスの裸体を、皆に見られるのが、たまらなく口惜しいのだ。」
　勇者は、ひどく赤面した。",走れメロス
02,芥川 龍之介,"　ある日の暮方の事である。一人の下人げにんが、羅生門らしょうもんの下で雨やみを待っていた。
　広い門の下には、この男のほかに誰もいない。ただ、所々丹塗にぬりの剥はげた、大きな円柱まるばしらに、蟋蟀きりぎりすが一匹とまっている。羅生門が、朱雀大路すざくおおじにある以上は、この男のほかにも、雨やみをする市女笠いちめがさや揉烏帽子もみえぼしが、もう二三人はありそうなものである。それが、この男のほかには誰もいない。
　何故かと云うと、この二三年、京都には、地震とか辻風つじかぜとか火事とか饑饉とか云う災わざわいがつづいて起った。そこで洛中らくちゅうのさびれ方は一通りではない。旧記によると、仏像や仏具を打砕いて、その丹にがついたり、金銀の箔はくがついたりした木を、路ばたにつみ重ねて、薪たきぎの料しろに売っていたと云う事である。洛中がその始末であるから、羅生門の修理などは、元より誰も捨てて顧る者がなかった。するとその荒れ果てたのをよい事にして、狐狸こりが棲すむ。盗人ぬすびとが棲む。とうとうしまいには、引取り手のない死人を、この門へ持って来て、棄てて行くと云う習慣さえ出来た。そこで、日の目が見えなくなると、誰でも気味を悪るがって、この門の近所へは足ぶみをしない事になってしまったのである。
　その代りまた鴉からすがどこからか、たくさん集って来た。昼間見ると、その鴉が何羽となく輪を描いて、高い鴟尾しびのまわりを啼きながら、飛びまわっている。ことに門の上の空が、夕焼けであかくなる時には、それが胡麻ごまをまいたようにはっきり見えた。鴉は、勿論、門の上にある死人の肉を、啄ついばみに来るのである。――もっとも今日は、刻限こくげんが遅いせいか、一羽も見えない。ただ、所々、崩れかかった、そうしてその崩れ目に長い草のはえた石段の上に、鴉の糞ふんが、点々と白くこびりついているのが見える。下人は七段ある石段の一番上の段に、洗いざらした紺の襖あおの尻を据えて、右の頬に出来た、大きな面皰にきびを気にしながら、ぼんやり、雨のふるのを眺めていた。
　作者はさっき、「下人が雨やみを待っていた」と書いた。しかし、下人は雨がやんでも、格別どうしようと云う当てはない。ふだんなら、勿論、主人の家へ帰る可き筈である。所がその主人からは、四五日前に暇を出された。前にも書いたように、当時京都の町は一通りならず衰微すいびしていた。今この下人が、永年、使われていた主人から、暇を出されたのも、実はこの衰微の小さな余波にほかならない。だから「下人が雨やみを待っていた」と云うよりも「雨にふりこめられた下人が、行き所がなくて、途方にくれていた」と云う方が、適当である。その上、今日の空模様も少からず、この平安朝の下人の Sentimentalisme に影響した。申さるの刻こく下さがりからふり出した雨は、いまだに上るけしきがない。そこで、下人は、何をおいても差当り明日あすの暮しをどうにかしようとして――云わばどうにもならない事を、どうにかしようとして、とりとめもない考えをたどりながら、さっきから朱雀大路にふる雨の音を、聞くともなく聞いていたのである。
　雨は、羅生門をつつんで、遠くから、ざあっと云う音をあつめて来る。夕闇は次第に空を低くして、見上げると、門の屋根が、斜につき出した甍いらかの先に、重たくうす暗い雲を支えている。
　どうにもならない事を、どうにかするためには、手段を選んでいる遑いとまはない。選んでいれば、築土ついじの下か、道ばたの土の上で、饑死うえじにをするばかりである。そうして、この門の上へ持って来て、犬のように棄てられてしまうばかりである。選ばないとすれば――下人の考えは、何度も同じ道を低徊ていかいした揚句あげくに、やっとこの局所へ逢着ほうちゃくした。しかしこの「すれば」は、いつまでたっても、結局「すれば」であった。下人は、手段を選ばないという事を肯定しながらも、この「すれば」のかたをつけるために、当然、その後に来る可き「盗人ぬすびとになるよりほかに仕方がない」と云う事を、積極的に肯定するだけの、勇気が出ずにいたのである。
　下人は、大きな嚔くさめをして、それから、大儀たいぎそうに立上った。夕冷えのする京都は、もう火桶ひおけが欲しいほどの寒さである。風は門の柱と柱との間を、夕闇と共に遠慮なく、吹きぬける。丹塗にぬりの柱にとまっていた蟋蟀きりぎりすも、もうどこかへ行ってしまった。
　下人は、頸くびをちぢめながら、山吹やまぶきの汗袗かざみに重ねた、紺の襖あおの肩を高くして門のまわりを見まわした。雨風の患うれえのない、人目にかかる惧おそれのない、一晩楽にねられそうな所があれば、そこでともかくも、夜を明かそうと思ったからである。すると、幸い門の上の楼へ上る、幅の広い、これも丹を塗った梯子はしごが眼についた。上なら、人がいたにしても、どうせ死人ばかりである。下人はそこで、腰にさげた聖柄ひじりづかの太刀たちが鞘走さやばしらないように気をつけながら、藁草履わらぞうりをはいた足を、その梯子の一番下の段へふみかけた。
　それから、何分かの後である。羅生門の楼の上へ出る、幅の広い梯子の中段に、一人の男が、猫のように身をちぢめて、息を殺しながら、上の容子ようすを窺っていた。楼の上からさす火の光が、かすかに、その男の右の頬をぬらしている。短い鬚の中に、赤く膿うみを持った面皰にきびのある頬である。下人は、始めから、この上にいる者は、死人ばかりだと高を括くくっていた。それが、梯子を二三段上って見ると、上では誰か火をとぼして、しかもその火をそこここと動かしているらしい。これは、その濁った、黄いろい光が、隅々に蜘蛛くもの巣をかけた天井裏に、揺れながら映ったので、すぐにそれと知れたのである。この雨の夜に、この羅生門の上で、火をともしているからは、どうせただの者ではない。
　下人は、守宮やもりのように足音をぬすんで、やっと急な梯子を、一番上の段まで這うようにして上りつめた。そうして体を出来るだけ、平たいらにしながら、頸を出来るだけ、前へ出して、恐る恐る、楼の内を覗のぞいて見た。
　見ると、楼の内には、噂に聞いた通り、幾つかの死骸しがいが、無造作に棄ててあるが、火の光の及ぶ範囲が、思ったより狭いので、数は幾つともわからない。ただ、おぼろげながら、知れるのは、その中に裸の死骸と、着物を着た死骸とがあるという事である。勿論、中には女も男もまじっているらしい。そうして、その死骸は皆、それが、かつて、生きていた人間だと云う事実さえ疑われるほど、土を捏こねて造った人形のように、口を開あいたり手を延ばしたりして、ごろごろ床の上にころがっていた。しかも、肩とか胸とかの高くなっている部分に、ぼんやりした火の光をうけて、低くなっている部分の影を一層暗くしながら、永久に唖おしの如く黙っていた。
　下人げにんは、それらの死骸の腐爛ふらんした臭気に思わず、鼻を掩おおった。しかし、その手は、次の瞬間には、もう鼻を掩う事を忘れていた。ある強い感情が、ほとんどことごとくこの男の嗅覚を奪ってしまったからだ。
　下人の眼は、その時、はじめてその死骸の中に蹲うずくまっている人間を見た。檜皮色ひわだいろの着物を着た、背の低い、痩やせた、白髪頭しらがあたまの、猿のような老婆である。その老婆は、右の手に火をともした松の木片きぎれを持って、その死骸の一つの顔を覗きこむように眺めていた。髪の毛の長い所を見ると、多分女の死骸であろう。
　下人は、六分の恐怖と四分の好奇心とに動かされて、暫時ざんじは呼吸いきをするのさえ忘れていた。旧記の記者の語を借りれば、「頭身とうしんの毛も太る」ように感じたのである。すると老婆は、松の木片を、床板の間に挿して、それから、今まで眺めていた死骸の首に両手をかけると、丁度、猿の親が猿の子の虱しらみをとるように、その長い髪の毛を一本ずつ抜きはじめた。髪は手に従って抜けるらしい。
　その髪の毛が、一本ずつ抜けるのに従って、下人の心からは、恐怖が少しずつ消えて行った。そうして、それと同時に、この老婆に対するはげしい憎悪が、少しずつ動いて来た。――いや、この老婆に対すると云っては、語弊ごへいがあるかも知れない。むしろ、あらゆる悪に対する反感が、一分毎に強さを増して来たのである。この時、誰かがこの下人に、さっき門の下でこの男が考えていた、饑死うえじにをするか盗人ぬすびとになるかと云う問題を、改めて持出したら、恐らく下人は、何の未練もなく、饑死を選んだ事であろう。それほど、この男の悪を憎む心は、老婆の床に挿した松の木片きぎれのように、勢いよく燃え上り出していたのである。
　下人には、勿論、何故老婆が死人の髪の毛を抜くかわからなかった。従って、合理的には、それを善悪のいずれに片づけてよいか知らなかった。しかし下人にとっては、この雨の夜に、この羅生門の上で、死人の髪の毛を抜くと云う事が、それだけで既に許すべからざる悪であった。勿論、下人は、さっきまで自分が、盗人になる気でいた事なぞは、とうに忘れていたのである。
　そこで、下人は、両足に力を入れて、いきなり、梯子から上へ飛び上った。そうして聖柄ひじりづかの太刀に手をかけながら、大股に老婆の前へ歩みよった。老婆が驚いたのは云うまでもない。
　老婆は、一目下人を見ると、まるで弩いしゆみにでも弾はじかれたように、飛び上った。
「おのれ、どこへ行く。」
　下人は、老婆が死骸につまずきながら、慌てふためいて逃げようとする行手を塞ふさいで、こう罵ののしった。老婆は、それでも下人をつきのけて行こうとする。下人はまた、それを行かすまいとして、押しもどす。二人は死骸の中で、しばらく、無言のまま、つかみ合った。しかし勝敗は、はじめからわかっている。下人はとうとう、老婆の腕をつかんで、無理にそこへ※(「てへん＋丑」、第4水準2-12-93)ねじ倒した。丁度、鶏にわとりの脚のような、骨と皮ばかりの腕である。
「何をしていた。云え。云わぬと、これだぞよ。」
　下人は、老婆をつき放すと、いきなり、太刀の鞘さやを払って、白い鋼はがねの色をその眼の前へつきつけた。けれども、老婆は黙っている。両手をわなわなふるわせて、肩で息を切りながら、眼を、眼球めだまが※(「目＋匡」、第3水準1-88-81)まぶたの外へ出そうになるほど、見開いて、唖のように執拗しゅうねく黙っている。これを見ると、下人は始めて明白にこの老婆の生死が、全然、自分の意志に支配されていると云う事を意識した。そうしてこの意識は、今までけわしく燃えていた憎悪の心を、いつの間にか冷ましてしまった。後あとに残ったのは、ただ、ある仕事をして、それが円満に成就した時の、安らかな得意と満足とがあるばかりである。そこで、下人は、老婆を見下しながら、少し声を柔らげてこう云った。
「己おれは検非違使けびいしの庁の役人などではない。今し方この門の下を通りかかった旅の者だ。だからお前に縄なわをかけて、どうしようと云うような事はない。ただ、今時分この門の上で、何をして居たのだか、それを己に話しさえすればいいのだ。」
　すると、老婆は、見開いていた眼を、一層大きくして、じっとその下人の顔を見守った。※(「目＋匡」、第3水準1-88-81)まぶたの赤くなった、肉食鳥のような、鋭い眼で見たのである。それから、皺で、ほとんど、鼻と一つになった唇を、何か物でも噛んでいるように動かした。細い喉で、尖った喉仏のどぼとけの動いているのが見える。その時、その喉から、鴉からすの啼くような声が、喘あえぎ喘ぎ、下人の耳へ伝わって来た。
「この髪を抜いてな、この髪を抜いてな、鬘かずらにしようと思うたのじゃ。」
　下人は、老婆の答が存外、平凡なのに失望した。そうして失望すると同時に、また前の憎悪が、冷やかな侮蔑ぶべつと一しょに、心の中へはいって来た。すると、その気色けしきが、先方へも通じたのであろう。老婆は、片手に、まだ死骸の頭から奪った長い抜け毛を持ったなり、蟇ひきのつぶやくような声で、口ごもりながら、こんな事を云った。
「成程な、死人しびとの髪の毛を抜くと云う事は、何ぼう悪い事かも知れぬ。じゃが、ここにいる死人どもは、皆、そのくらいな事を、されてもいい人間ばかりだぞよ。現在、わしが今、髪を抜いた女などはな、蛇を四寸しすんばかりずつに切って干したのを、干魚ほしうおだと云うて、太刀帯たてわきの陣へ売りに往いんだわ。疫病えやみにかかって死ななんだら、今でも売りに往んでいた事であろ。それもよ、この女の売る干魚は、味がよいと云うて、太刀帯どもが、欠かさず菜料さいりように買っていたそうな。わしは、この女のした事が悪いとは思うていぬ。せねば、饑死をするのじゃて、仕方がなくした事であろ。されば、今また、わしのしていた事も悪い事とは思わぬぞよ。これとてもやはりせねば、饑死をするじゃて、仕方がなくする事じゃわいの。じゃて、その仕方がない事を、よく知っていたこの女は、大方わしのする事も大目に見てくれるであろ。」
　老婆は、大体こんな意味の事を云った。
　下人は、太刀を鞘さやにおさめて、その太刀の柄つかを左の手でおさえながら、冷然として、この話を聞いていた。勿論、右の手では、赤く頬に膿を持った大きな面皰にきびを気にしながら、聞いているのである。しかし、これを聞いている中に、下人の心には、ある勇気が生まれて来た。それは、さっき門の下で、この男には欠けていた勇気である。そうして、またさっきこの門の上へ上って、この老婆を捕えた時の勇気とは、全然、反対な方向に動こうとする勇気である。下人は、饑死をするか盗人になるかに、迷わなかったばかりではない。その時のこの男の心もちから云えば、饑死などと云う事は、ほとんど、考える事さえ出来ないほど、意識の外に追い出されていた。
「きっと、そうか。」
　老婆の話が完おわると、下人は嘲あざけるような声で念を押した。そうして、一足前へ出ると、不意に右の手を面皰にきびから離して、老婆の襟上えりがみをつかみながら、噛みつくようにこう云った。
「では、己おれが引剥ひはぎをしようと恨むまいな。己もそうしなければ、饑死をする体なのだ。」
　下人は、すばやく、老婆の着物を剥ぎとった。それから、足にしがみつこうとする老婆を、手荒く死骸の上へ蹴倒した。梯子の口までは、僅に五歩を数えるばかりである。下人は、剥ぎとった檜皮色ひわだいろの着物をわきにかかえて、またたく間に急な梯子を夜の底へかけ下りた。
　しばらく、死んだように倒れていた老婆が、死骸の中から、その裸の体を起したのは、それから間もなくの事である。老婆はつぶやくような、うめくような声を立てながら、まだ燃えている火の光をたよりに、梯子の口まで、這って行った。そうして、そこから、短い白髪しらがを倒さかさまにして、門の下を覗きこんだ。外には、ただ、黒洞々こくとうとうたる夜があるばかりである。
　下人の行方ゆくえは、誰も知らない。",羅生門
03,江戸川 乱歩,"　異常な興奮を求めて集った、七人のしかつめらしい男が（私もその中の一人だった）態々わざわざ其為そのためにしつらえた「赤い部屋」の、緋色ひいろの天鵞絨びろうどで張った深い肘掛椅子に凭もたれ込んで、今晩の話手が何事か怪異な物語を話し出すのを、今か今かと待構まちかまえていた。
　七人の真中には、これも緋色の天鵞絨で覆おおわれた一つの大きな円卓子まるテーブルの上に、古風な彫刻のある燭台しょくだいにさされた、三挺さんちょうの太い蝋燭ろうそくがユラユラと幽かすかに揺れながら燃えていた。
　部屋の四周には、窓や入口のドアさえ残さないで、天井から床まで、真紅まっかな重々しい垂絹たれぎぬが豊かな襞ひだを作って懸けられていた。ロマンチックな蝋燭の光が、その静脈から流れ出したばかりの血の様にも、ドス黒い色をした垂絹の表に、我々七人の異様に大きな影法師かげぼうしを投げていた。そして、その影法師は、蝋燭の焔につれて、幾つかの巨大な昆虫でもあるかの様に、垂絹の襞の曲線の上を、伸びたり縮んだりしながら這い歩いていた。
　いつもながらその部屋は、私を、丁度とほうもなく大きな生物の心臓の中に坐ってでもいる様な気持にした。私にはその心臓が、大きさに相応したのろさを以もって、ドキンドキンと脈うつ音さえ感じられる様に思えた。
　誰も物を云わなかった。私は蝋燭をすかして、向側に腰掛けた人達の赤黒く見える影の多い顔を、何ということなしに見つめていた。それらの顔は、不思議にも、お能の面の様に無表情に微動さえしないかと思われた。
　やがて、今晩の話手と定められた新入会員のＴ氏は、腰掛けたままで、じっと蝋燭の火を見つめながら、次の様に話し始めた。私は、陰影の加減で骸骨の様に見える彼の顎が、物を云う度にガクガクと物淋しく合わさる様子を、奇怪なからくり仕掛けの生人形でも見る様な気持で眺めていた。

　私は、自分では確かに正気の積りでいますし、人も亦またその様に取扱って呉くれていますけれど、真実まったく正気なのかどうか分りません。狂人かも知れません。それ程でないとしても、何かの精神病者という様なものかも知れません。兎とに角かく、私という人間は、不思議な程この世の中がつまらないのです。生きているという事が、もうもう退屈で退屈で仕様がないのです。
　初めの間うちは、でも、人並みに色々の道楽に耽ふけった時代もありましたけれど、それが何一つ私の生れつきの退屈を慰なぐさめては呉れないで、却かえって、もうこれで世の中の面白いことというものはお仕舞なのか、なあんだつまらないという失望ばかりが残るのでした。で、段々、私は何かをやるのが臆劫おっくうになって来ました。例えば、これこれの遊びは面白い、きっとお前を有頂天にして呉れるだろうという様な話を聞かされますと、おお、そんなものがあったのか、では早速やって見ようと乗気になる代りに、まず頭の中でその面白さを色々と想像して見るのです。そして、さんざん想像を廻めぐらした結果は、いつも「なあに大したことはない」とみくびって了しまうのです。
　そんな風で、一時私は文字通り何もしないで、ただ飯を食ったり、起きたり、寝たりするばかりの日を暮していました。そして、頭の中丈だけで色々な空想を廻らしては、これもつまらない、あれも退屈だと、片端かたはしからけなしつけながら、死ぬよりも辛い、それでいて人目には此上このうえもなく安易な生活を送っていました。
　これが、私がその日その日のパンに追われる様な境遇だったら、まだよかったのでしょう。仮令たとえ強いられた労働にしろ、兎に角何かすることがあれば幸福です。それとも又、私が飛切りの大金持ででもあったら、もっとよかったかも知れません。私はきっと、その大金の力で、歴史上の暴君達がやった様なすばらしい贅沢ぜいたくや、血腥ちなまぐさい遊戯や、その他様々の楽しみに耽ふけることが出来たでありましょうが、勿論それもかなわぬ願いだとしますと、私はもう、あのお伽噺とぎばなしにある物臭太郎の様に、一層死んで了った方がましな程、淋しくものういその日その日を、ただじっとして暮す他はないのでした。
　こんな風に申上げますと、皆さんはきっと「そうだろう、そうだろう、併し世の中の事柄に退屈し切っている点では我々だって決してお前にひけを取りはしないのだ。だからこんなクラブを作って何とかして異常な興奮を求めようとしているのではないか。お前もよくよく退屈なればこそ、今、我々の仲間へ入って来たのであろう。それはもう、お前の退屈していることは、今更ら聞かなくてもよく分っているのだ」とおっしゃるに相違ありません。ほんとうにそうです。私は何もくどくどと退屈の説明をする必要はないのでした。そして、あなた方が、そんな風に退屈がどんなものだかをよく知っていらっしゃると思えばこそ、私は今夜この席に列して、私の変てこな身の上話をお話しようと決心したのでした。
　私はこの階下のレストランへはしょっちゅう出入でいりしていまして、自然ここにいらっしゃる御主人とも御心安く、大分以前からこの「赤い部屋」の会のことを聞知っていたばかりでなく、一再いっさいならず入会することを勧められてさえいました。それにも拘かかわらず、そんな話には一も二もなく飛びつき相そうな退屈屋の私が、今日まで入会しなかったのは、私が、失礼な申分かも知れませんけれど、皆さんなどとは比べものにならぬ程退屈し切っていたからです。退屈し過ぎていたからです。
　犯罪と探偵の遊戯ですか、降霊術こうれいじゅつ其他そのたの心霊上の様々の実験ですか、Obscene Picture の活動写真や実演やその他のセンジュアルな遊戯ですか、刑務所や、瘋癲病院や、解剖学教室などの参観ですか、まだそういうものに幾らかでも興味を持ち得うるあなた方は幸福です。私は、皆さんが死刑執行のすき見を企てていられると聞いた時でさえ、少しも驚きはしませんでした。といいますのは、私は御主人からそのお話のあった頃には、もうそういうありふれた刺戟しげきには飽き飽きしていたばかりでなく、ある世にもすばらしい遊戯、といっては少し空恐しい気がしますけれど、私にとっては遊戯といってもよい一つの事柄を発見して、その楽しみに夢中になっていたからです。
　その遊戯というのは、突然申上げますと、皆さんはびっくりなさるかも知れませんが……、人殺しなんです。ほんとうの殺人なんです。しかも、私はその遊戯を発見してから今日までに百人に近い男や女や子供の命を、ただ退屈をまぎらす目的の為ばかりに、奪って来たのです。あなた方は、では、私が今その恐ろしい罪悪を悔悟かいごして、懺悔ざんげ話をしようとしているかと早合点なさるかも知れませんが、ところが、決してそうではないのです。私は少しも悔悟なぞしてはいません。犯した罪を恐れてもいません。それどころか、ああ何ということでしょう。私は近頃になってその人殺しという血腥い刺戟にすら、もう飽きあきして了ったのです。そして、今度は他人ではなくて自分自身を殺す様な事柄に、あの阿片アヘンの喫煙に耽り始めたのです。流石さすがにこれ丈けは、そんな私にも命は惜しかったと見えまして、我慢に我慢をして来たのですけれど、人殺しさえあきはてては、もう自殺でも目論もくろむ外には、刺戟の求め様がないではありませんか。私はやがて程なく、阿片の毒の為に命をとられて了うでしょう。そう思いますと、せめて筋路の通った話の出来る間に、私は誰れかに私のやって来た事を打開けて置き度いのです。それには、この「赤い部屋」の方々が一番ふさわしくはないでしょうか。
　そういう訳で、私は実は皆さんのお仲間入りがし度い為ではなくて、ただ私のこの変な身の上話を聞いて貰い度いばかりに、会員の一人に加えて頂いたのです。そして、幸いにも新入会の者は必ず最初の晩に、何か会の主旨に副そう様なお話をしなければならぬ定きめになっていましたのでこうして今晩その私の望みを果す機会をとらえることが出来た次第なのです。
　それは今からざっと三年計ばかり以前のことでした。その頃は今も申上げました様に、あらゆる刺戟に飽きはてて何の生甲斐もなく、丁度一匹の退屈という名前を持った動物ででもある様に、ノラリクラリと日を暮していたのですが、その年の春、といってもまだ寒い時分でしたから多分二月の終りか三月の始め頃だったのでしょう、ある夜、私は一つの妙な出来事にぶつかったのです。私が百人もの命をとる様になったのは、実にその晩の出来事が動機を為なしたのでした。
　どこかで夜更しをした私は、もう一時頃でしたろうか。少し酔っぱらっていたと思います。寒い夜なのにブラブラと俥くるまにも乗らないで家路を辿っていました。もう一つ横町を曲ると一町ばかりで私の家だという、その横町を何気なくヒョイと曲りますと、出会頭であいがしらに一人の男が、何か狼狽している様子で慌ててこちらへやって来るのにバッタリぶつかりました。私も驚きましたが男は一層驚いたと見えて暫く黙って衝つっ立っていましたが、おぼろげな街燈の光で私の姿を認めるといきなり「この辺に医者はないか」と尋ねるではありませんか。よく訊きいて見ますと、その男は自動車の運転手で、今そこで一人の老人を（こんな夜中に一人でうろついていた所を見ると多分浮浪の徒だったのでしょう）轢倒ひきたおして大怪我をさせたというのです。なる程見れば、すぐ二三間向うに一台の自動車が停っていて、その側そばに人らしいものが倒れてウーウーと幽かすかにうめいています。交番といっても大分遠方ですし、それに負傷者の苦しみがひどいので、運転手は何はさて置き先ず医者を探そうとしたのに相違ありません。
　私はその辺の地理は、自宅の近所のことですから、医院の所在などもよく弁わきまえていましたので早速こう教えてやりました。
「ここを左の方へ二町ばかり行くと左側に赤い軒燈の点ついた家がある。Ｍ医院というのだ。そこへ行って叩き起したらいいだろう」
　すると運転手はすぐ様助手に手伝わせて、負傷者をそのＭ医院の方へ運んで行きました。私は彼等の後ろ姿が闇の中に消えるまで、それを見送っていましたが、こんなことに係合っていてもつまらないと思いましたので、やがて家に帰って、――私は独り者なんです。――婆ばあやの敷しいて呉れた床とこへ這入はいって、酔っていたからでしょう、いつになくすぐに眠入ねいって了いました。
　実際何でもない事です。若もし私がその儘ままその事件を忘れて了いさえしたら、それっ限きりの話だったのです。ところが、翌日眼を醒さました時、私は前夜の一寸ちょっとした出来事をまだ覚えていました。そしてあの怪我人は助かったかしらなどと、要もないことまで考え始めたものです。すると、私はふと変なことに気がつきました。
「ヤ、俺は大変な間違いをして了ったぞ」
　私はびっくりしました。いくら酒に酔っていたとは云いえ、決して正気を失っていた訳ではないのに、私としたことが、何と思ってあの怪我人をＭ医院などへ担ぎ込ませたのでしょう。
「ここを左の方へ二町ばかり行くと左側に赤い軒燈の点いた家がある……」
　というその時の言葉もすっかり覚えています。なぜその代りに、
「ここを右の方へ一町ばかり行くとＫ病院という外科専門の医者がある」
　と云わなかったのでしょう。私の教えたＭというのは評判の藪やぶ医者で、しかも外科の方は出来るかどうかさえ疑わしかった程なのです。ところがＭとは反対の方角でＭよりはもっと近い所に、立派に設備の整ったＫという外科病院があるではありませんか。無論私はそれをよく知っていた筈はずなのです。知っていたのに何故間違ったことを教えたか。その時の不思議な心理状態は、今になってもまだよく分りませんが、恐らく胴忘どうわすれとでも云うのでしょうか。
　私は少し気懸りになって来たものですから、婆やにそれとなく近所の噂などを探らせて見ますと、どうやら怪我人はＭ医院の診察室で死んだ鹽梅あんばいなのです。どこの医者でもそんな怪我人なんか担ぎ込まれるのは厭いやがるものです。まして夜半の一時というのですから、無理もありませんがＭ医院ではいくら戸を叩いても、何のかんのと云って却々なかなか開けて呉れなかったらしいのです。さんざん暇ひまどらせた挙句やっと怪我人を担ぎ込んだ時分には、もう余程手遅れになっていたに相違ありません。でも、その時若しＭ医院の主が「私は専門医でないから、近所のＫ病院の方へつれて行け」とでも、指図をしたなら、或あるいは怪我人は助っていたのかも知れませんが、何という無茶なことでしょう。彼は自からその難しい患者を処理しようとしたらしいのです。そしてしくじったのです、何んでも噂によりますとＭ氏はうろたえて了って、不当に長い間怪我人をいじくりまわしていたとかいうことです。
　私はそれを聞いて、何だかこう変な気持になって了いました。
　この場合可哀相な老人を殺したものは果して何人なんぴとでしょうか。自動車の運転手とＭ医師ともに、夫々それぞれ責任のあることは云うまでもありません。そしてそこに法律上の処罰があるとすれば、それは恐らく運転手の過失に対して行われるのでしょうが、事実上最も重大な責任者はこの私だったのではありますまいか。若しその際私がＭ医院でなくてＫ病院を教えてやったとすれば、少しのへまもなく怪我人は助かったのかも知れないのです。運転手は単に怪我をさせたばかりです。殺した訳ではないのです。Ｍ医師は医術上の技倆が劣っていた為にしくじったのですから、これもあながち咎とがめる所はありません。よし又彼に責を負うべき点があったとしても、その元はと云えば私が不適当なＭ医院を教えたのが悪いのです。つまり、その時の私の指図次第によって、老人を生かすことも殺すことも出来た訳なのです。それは怪我をさせたのは如何にも運転手でしょう。けれど殺したのはこの私だったのではありますまいか。
　これは私の指図が全く偶然の過失だったと考えた場合ですが、若しそれが過失ではなくて、その老人を殺してやろうという私の故意から出たものだったとしたら、一体どういうことになるのでしょう。いうまでもありません。私は事実上殺人罪を犯したものではありませんか。併しかし法律は仮令運転手を罰することはあっても、事実上の殺人者である私というものに対しては、恐らく疑いをかけさえしないでしょう。なぜといって、私と死んだ老人とはまるきり関係のない事がよく分っているのですから。そして仮令疑いをかけられたとしても、私はただ外科医院のあることなど忘れていたと答えさえすればよいではありませんか。それは全然心の中の問題なのです。
　皆さん。皆さんは嘗かつてこういう殺人法について考えられたことがおありでしょうか。私はこの自動車事件で始めてそこへ気がついたのですが、考えて見ますと、この世の中は何という険難至極けんのんしごくな場所なのでしょう。いつ私の様な男が、何の理由もなく故意に間違った医者を教えたりして、そうでなければ取止めることが出来た命を、不当に失って了う様な目に合うか分ったものではないのです。
　これはその後私が実際やって見て成功したことなのですが、田舎のお婆さんが電車線路を横切ろうと、まさに線路に片足をかけた時に、無論そこには電車ばかりでなく自動車や自転車や馬車や人力車などが織る様に行違っているのですから、そのお婆さんの頭は十分混乱しているに相違ありません。その片足をかけた刹那に、急行電車か何かが疾風しっぷうの様にやって来てお婆さんから二三間の所まで迫ったと仮定します。その際、お婆さんがそれに気附かないでそのまま線路を横切って了えば何のことはないのですが、誰かが大きな声で「お婆さん危いッ」と怒鳴りでもしようものなら、忽たちまち慌てて了って、そのままつき切ろうか、一度後へ引返そうかと、暫しばらくまごつくに相違ありません。そして、若しその電車が、余り間近い為に急停車も出来なかったとしますと、「お婆さん危いッ」というたった一言が、そのお婆さんに大怪我をさせ、悪くすれば命までも取って了わないとは限りません。先きも申上げました通り、私はある時この方法で一人の田舎者をまんまと殺して了ったことがありますよ。
（Ｔ氏はここで一寸言葉を切って、気味悪く笑った）
　この場合「危いッ」と声をかけた私は明かに殺人者です。併し誰が私の殺意を疑いましょう。何の恨うらみもない見ず知らずの人間を、ただ殺人の興味の為ばかりに、殺そうとしている男があろうなどと想像する人がありましょうか。それに「危いッ」という注意の言葉は、どんな風に解釈して見たって、好意から出たものとしか考えられないのです。表面上では、死者から感謝されこそすれ決して恨まれる理由がないのです。皆さん、何と安全至極な殺人法ではありませんか。
　世の中の人は、悪事は必ず法律に触れ相当の処罰を受けるものだと信じて、愚にも安心し切っています。誰にしたって法律が人殺しを見逃そうなどとは想像もしないのです。ところがどうでしょう。今申上げました二つの実例から類推出来る様な少しも法律に触れる気遣いのない殺人法が考えて見ればいくらもあるではありませんか。私はこの事に気附いた時、世の中というものの恐ろしさに戦慄するよりも、そういう罪悪の余地を残して置いて呉れた造物主の余裕を此上もなく愉快に思いました。ほんとうに私はこの発見に狂喜しました。何とすばらしいではありませんか。この方法によりさえすれば、大正の聖代せいだいにこの私丈けは、謂わば斬捨て御免ごめんも同様なのです。
　そこで私はこの種の人殺しによって、あの死に相な退屈をまぎらすことを思いつきました。絶対に法律に触れない人殺し、どんなシャーロック・ホームズだって見破ることの出来ない人殺し、ああ何という申分のない眠け醒しでしょう。以来私は三年の間というもの、人を殺す楽しみに耽って、いつの間にかさしもの退屈をすっかり忘れはてていました。皆さん笑ってはいけません。私は戦国時代の豪傑の様に、あの百人斬りを、無論文字通り斬る訳ではありませんけれど、百人の命をとるまでは決して中途でこの殺人を止めないことを、私自身に誓ったのです。
　今から三月ばかり前です、私は丁度九十九人だけ済ませました。そして、あと一人になった時先にも申上げました通り私はその人殺しにも、もう飽きあきしてしまったのですが、それは兎も角、ではその九十九人をどんな風にして殺したか。勿論九十九人のどの人にも少しだって恨みがあった訳ではなく、ただ人知れぬ方法とその結果に興味を持ってやった仕事ですから、私は一度も同じやり方を繰返す様なことはしませんでした。一人殺したあとでは、今度はどんな新工夫でやっつけようかと、それを考えるのが又一つの楽しみだったのです。
　併し、この席で、私のやった九十九の異った殺人法を悉ことごとく御話する暇もありませんし、それに、今夜私がここへ参りましたのは、そんな個々の殺人方法を告白する為ではなくて、そうした極悪非道の罪悪を犯してまで、退屈を免れ様とした、そして又、遂にはその罪悪にすら飽きはてて、今度はこの私自身を亡ぼそうとしている、世の常ならぬ私の心持をお話して皆さんの御判断を仰ぎたい為なのですから、その殺人方以については、ほんの二三の実例を申上げるに止めて置き度いと存じます。
　この方法を発見して間もなくのことでしたが、こんなこともありました。私の近所に一人の按摩あんまがいまして、それが不具などによくあるひどい強情者でした。他人が深切しんせつから色々注意などしてやりますと、却ってそれを逆にとって、目が見えないと思って人を馬鹿にするなそれ位のことはちゃんと俺にだって分っているわいという調子で、必ず相手の言葉にさからったことをやるのです。どうして並み並みの強情さではないのです。
　ある日のことでした。私がある大通りを歩いていますと、向うからその強情者の按摩がやって来るのに出逢いました。彼は生意気にも、杖つえを肩に担いで鼻唄を歌いながらヒョッコリヒョッコリと歩いています。丁度その町には昨日から下水の工事が始まっていて、往来の片側には深い穴が掘ってありましたが、彼は盲人のことで片側往来止めの立札など見えませんから、何の気もつかず、その穴のすぐ側を呑気そうに歩いているのです。
　それを見ますと、私はふと一つの妙案を思いつきました。そこで、
「やあＮ君」と按摩の名を呼びかけ、（よく療治を頼んでお互に知り合っていたのです）
「ソラ危いぞ、左へ寄った、左へ寄った」
　と怒鳴りました。それを態わざと少し冗談らしい調子でやったのです。というのは、こういえば、彼は日頃の性質から、きっとからかわれたのだと邪推して、左へはよらないで態と右へ寄るに相違ないと考えたからです。案あんの定じょう彼は、
「エヘヘヘ……。御冗談ばっかり」
　などと声色こわいろめいた口返答をしながら、矢庭やにわに反対の右の方へ二足三足寄ったものですから、忽ち下水工事の穴の中へ片足を踏み込んで、アッという間に一丈もあるその底へと落ち込んで了いました。私はさも驚いた風を装うて穴の縁へ駈けより、
「うまく行ったかしら」と覗いて見ましたが彼はうち所でも悪かったのか、穴の底にぐったりと横よこたわって、穴のまわりに突出ている鋭い石でついたのでしょう。一分刈りの頭に、赤黒い血がタラタラと流れているのです。それから、舌でも噛切ったと見えて、口や鼻からも同じ様に出血しています。顔色はもう蒼白で、唸り声を出す元気さえありません。
　こうして、この按摩は、でもそれから一週間ばかりは虫の息で生きていましたが、遂に絶命して了ったのです。私の計画は見事に成功しました。誰が私を疑いましょう。私はこの按摩を日頃贔屓ひいきにしてよく呼んでいた位で、決して殺人の動機になる様な恨みがあった訳ではなく、それに、表面上は右に陥穽おとしあなのあるのを避けさせようとして、「左へよれ、左へよれ」と教えてやった訳なのですから、私の好意を認める人はあっても、その親切らしい言葉の裏に恐るべき殺意がこめられていたと想像する人があろう筈はないのです。
　ああ、何という恐しくも楽しい遊戯だったのでしょう。巧妙なトリックを考え出した時の、恐らく芸術家のそれにも匹敵する、歓喜、そのトリックを実行する時のワクワクした緊張、そして、目的を果した時の云い知れぬ満足、それに又、私の犠牲になった男や女が、殺人者が目の前にいるとも知らず血みどろになって狂い廻る断末魔だんまつまの光景ありさま、最初の間、それらが、どんなにまあ私を有頂天にして呉れたことでしょう。
　ある時はこんな事もありました。それは夏のどんよりと曇った日のことでしたが、私はある郊外の文化村とでもいうのでしょう。十軒余りの西洋館がまばらに立並んだ所を歩いていました。そして、丁度その中でも一番立派なコンクリート造りの西洋館の裏手を通りかかった時です。ふと妙なものが私の目に止りました。といいますのは、その時私の鼻先をかすめて勢よく飛んで行った一匹の雀が、その家の屋根から地面へ引張ってあった太い針金に一寸とまると、いきなりはね返された様に下へ落ちて来て、そのまま死んで了ったのです。
　変なこともあるものだと思ってよく見ますと、その針金というのは、西洋館の尖った屋根の頂上に立っている避雷針ひらいしんから出ていることが分りました。無論針金には被覆が施されていましたけれど、今雀のとまった部分は、どうしたことかそれがはがれていたのです。私は電気のことはよく知らないのですが、どうかして空中電気の作用とかで、避雷針の針金に強い電流が流れることがあると、どこかで聞いたのを覚えていて、さてはそれだなと気附きました。こんな事に出くわしたのは初めてだったものですから、珍らしいことに思って、私は暫らくそこに立止ってその針金を眺めていたものです。
　すると、そこへ、西洋館の横手から、兵隊ごっこかなにかして遊んでいるらしい子供の一団が、ガヤガヤ云いながら出て来ましたが、その中の六ツか七つの小さな男の子が、外ほかの子供達はさっさと向うへ行って了ったのに、一人あとに残って、何をするのかと見ていますと、今の避雷針の針金の手前の小高くなった所に立って、前をまくると、立小便を始めました。それを見た私は、又もや一つの妙計を思いつきました。私は中学時代に水が電気の導体だということを習ったことがあります。今子供が立っている小高い所から、その針金の被覆のとれた部分へ小便をしかけるのは訳のないことです。小便は水ですからやっぱり導体に相違ありません。
　そこで私はその子供にこう声をかけました。
「おい坊っちゃん。その針金へ小便をかけて御覧。とどくかい」
　すると子供は、
「なあに訳ないや、見てて御覧」
　そういったかと思うと、姿勢を換えて、いきなり針金の地の現れた部分を目がけて小便をしかけました。そして、それが針金に届くか届かないに、恐ろしいものではありませんか、子供はビョンと一つ踊る様に跳上ったかと思うと、そこへバッタリ倒れて了いました。あとで聞けば、避雷針にこんな強い電流が流れるのは非常に珍らしいことなのだ相ですが、か様にして、私は生れて始めて、人間の感電して死ぬ所を見た訳です。
　この場合も無論、私は少しだって疑いを受ける心配はありませんでした。ただ子供の死骸に取縋とりすがって泣入っている母親に鄭重ていちょうな悔みの言葉を残して、その場を立去りさえすればよいのでした。
　これもある夏のことでした。私はこの男を一つ犠牲いけにえにしてやろうと目ざしていたある友人、と云っても決してその男に恨みがあった訳ではなく、長年の間無二の親友としてつき合っていた程の友達なのですが、私には却って、そういう仲のいい友達などを、何にも云わないで、ニコニコしながら、アッという間に死骸にして見たいという異常な望みがあったのです。その友達と一緒に、房州のごく辺鄙なある漁師町へ避暑に出かけたことがあります。無論海水浴場という程の場所ではなく、海にはその部落の赤銅色しゃくどういろの肌をした小わっぱ達がバチャバチャやっている丈だけで、都会からの客といっては私達二人の外には画学生らしい連中が数人、それも海へ入るというよりは其辺の海岸をスケッチブック片手に歩き廻っているに過すぎませんでした。
　名の売れている海水浴場の様に、都会の少女達の優美な肉体が見られる訳ではなく、宿といっても東京の木賃宿きちんやど見たいなもので、それに食物もさしみの外のものはまずくて口に合わず、随分淋しい不便な所ではありましたが、その私の友達というのが、私とはまるで違って、そうした鄙ひなびた場所で孤独な生活を味あじわうのが好きな方でしたのと、私は私で、どうかしてこの男をやっつける機会を掴もうとあせっていた際だったものですから、そんな漁師町に数日の間も落ちついていることが出来たのです。
　ある日、私はその友達を、海岸の部落から、大分隔った所にある、一寸断崖見たいになった場所へ連れ出しました。そして「飛込みをやるのには持って来いの場所だ」などと云いながら、私は先に立って着物を脱いだものです。友達もいくらか水泳の心得があったものですから「なる程これはいい」と私にならって着物をぬぎました。
　そこで、私はその断崖のはしに立って、両手を真直ぐに頭の上に伸ばし「一、二、三」と思切りの声で怒鳴って置いて、ピョンと飛び上ると、見事な弧を描いて、さかしまに前の海面へと飛込みました。
　パチャンと身体が水についた時に、胸と腹の呼吸でスイと水を切って、僅わずか二三尺潜もぐる丈けで、飛魚の様に向うの水面へ身体を現すのが「飛込み」の骨こつなんですが、私は小さい時分から水泳が上手で、この「飛込み」なんかも朝飯前の仕事だったのです、そうして、岸から十四五間も離れた水面へ首を出した私は、立泳ぎという奴をやりながら、片手でブルッと顔の水をはらって、
「オーイ、飛込んで見ろ」
　と友達に呼びかけました。すると、友達は無論何の気もつかないで、
「よし」と云いながら、私と同じ姿勢をとり、勢よく私のあとを追ってそこへ飛込みました。
　ところが、しぶきを立てて海へ潜ったまま、彼は暫くたっても再び姿を見せないではありませんか……。私はそれを予期していました。その海の底には、水面から一間位の所に大きな岩があったのです。私は前持ってそれを探って置き、友達の腕前では「飛込み」をやれば必ず一間以上潜るにきまっている、随ってこの岩に頭をぶつけるに相違ないと見込みをつけてやった仕事なのです。御承知でもありましょうが、「飛込み」の技は上手なもの程、この水を潜る度が少いので、私はそれには十分熟練していたものですから、海底の岩にぶつかる前にうまく向うへ浮上って了ったのですが、友達は「飛込み」にかけてはまだほんの素人だったので、真逆様に海底へ突入って、いやという程頭を岩へぶつけたに相違ないのです。
　案の定、暫く待っていますと、彼はポッカリと鮪まぐろの死骸の様に海面に浮上りました。そして波のまにまに漂っています。云うまでもなく彼は気絶しているのです。
　私は彼を抱いて岸に泳ぎつき、そのまま部落へ駈け戻って、宿の者に急をつげました。そこで出漁を休んでいた漁師などがやって来て友達を介抱して呉れましたが、ひどく脳を打った為でしょう。もう蘇生そせいの見込みはありませんでした。見ると、頭のてっぺんが五六寸切れて、白い肉がむくれ上っている。その頭の置かれてあった地面には、夥おびただしい血潮が赤黒く固っていました。
　あとにも先にも、私が警察の取調を受けたのはたった二度きりですが、その一つがこの場合でした。何分人の見ていない所で起った事件ですから、一応の取調べを受けるのは当然です。併し、私とその友達とは親友の間柄でそれまでにいさかい一つした事もないと分っているのですし、又当時の事情としては、私も彼もその海底に岩のあることを知らず、幸い私は水泳が上手だった為に危い所をのがれたけれども、彼はそれが下手だったばっかりにこの不祥事を惹起ひきおこしたのだということが明白になったものですから、難なく疑うたがいは晴れ、私は却って警察の人達から「友達をなくされてお気の毒です」と悔みの言葉までかけて貰う有様でした。
　いや、こんな風に一つ一つ実例を並べていたんでは際限がありません。もうこれ丈け申上げれば、皆さんも私の所謂絶対に法律にふれない殺人法を、大体御分り下すったことと思います。凡てこの調子なんです。ある時はサーカスの見物人の中に混っていて、突然、ここで御話するのは恥しい様な途方もない変てこな姿勢を示して、高い所で綱渡をしていた女芸人の注意を奪い、その女を墜落させて見たり、火事場で、我子を求めて半狂乱の様になっていたどこかの細君に、子供は家の中に寝かせてあるのだ「ソラ泣いている声が聞えるでしょう」などと暗示を与えて、その細君を猛火の中へ飛込ませ、つい焼殺して了ったり、或は又、今や身投げをしようとしている娘の背後から、突然「待った」と頓狂な声をかけて、そうでなければ、身投げを思いとまったかも知れない其娘を、ハッとさせた拍子に水の中へ飛込ませて了ったり、それはお話すれば限りもないのですけれど、もう大分夜も更けたことですし、それに、皆さんもこの様な残酷な話はもうこれ以上御聞きになりたくないでしょうから、最後に少し風変りなのを一つ丈け申上げてよすことに致しましょう。
　今まで御話しました所では、私はいつも一度に一人の人間を殺している様に見えますが、そうでない場合も度々あったのです。でなければ、三年足らずの年月の間に、しかも少しも法律にふれない様な方法で、九十九人もの人を殺すことは出来ません。その中でも最も多人数を一度に殺しましたのは、そうです、昨年の春のことでした。皆さんも当時の新聞記事できっと御読みのことと思いますが、中央線の列車が顛覆てんぷくして多くの負傷者や死者を出したことがありますね、あれなんです。
　なに馬鹿馬鹿しい程雑作ぞうさもない方法だったのですが、それを実行する土地を探すのには可也かなり手間どりました。ただ最初から中央線の沿線ということ丈けは見当をつけていました。というのは、この線は、私の計画には最も便利な山路を通っているばかりでなく、列車が顛覆した場合にも、中央線には日頃から事故が多いのですから、ああ又かという位で他の線程目立たない利益があったのです。
　それにしても、註文通りの場所を見つけるのには仲々なかなか骨が折れました。結局Ｍ駅の近くの崖を使うことに決心するまでには、十分一週間はかかりました。Ｍ駅には一寸した温泉場がありますので、私はそこのある宿へ泊り込んで、毎日毎日湯に入ったり散歩をしたり、如何いかにも長逗留ながどまりの湯治客らしく見せかけようとしたのです。その為に又十日余り無駄に過さねばなりませんでしたが、やがてもう大丈夫だという時を見計らって、ある日私はいつもの様にその辺の山路を散歩しました。
　そして、宿から半里程のある小高い崖の頂上へ辿たどりつき、私はそこでじっと夕闇の迫って来るのを待っていました。その崖の真下には汽車の線路がカーブを描いて走っている、線路の向う側はこちらとは反対に深いけわしい谷になって、その底に一寸した谷川が流れているのが、霞む程遠くに見えています。
　暫くすると、予あらかじめ定めて置いた時間になりました。私は、誰れも見ているものはなかったのですけれど、態々一寸つまずく様な恰好をして、これも予め探し出して置いた一つの大きな石塊いしころを蹴飛しました。それは一寸蹴りさえすればきっと崖から丁度線路の上あたりへころがり落ちる様な位置にあったのです。私は若しやりそこなえば幾度でも他の石塊でやり直すつもりだったのですが、見ればその石塊はうまい工合に一本のレールの上にのっかっています。
　半時間の後には下り列車がそのレールを通るのです。その時分にはもう真暗になっているでしょうし、その石のある場所はカーブの向側なのですから、運転手が気附く筈はありません。それを見定めると、私は大急ぎで、Ｍ駅へと引返し（半里の山路ですからそれには十分じゅうぶん三十分以上を費しました）そこの駅長室へ這入って行って「大変です」とさも慌てた調子で叫んだものです。
「私はここへ湯治に来ているものですが、今半里計り向うの、線路に沿った崖の上へ散歩に行っていて、坂になった所を駈けおりようとする拍子にふと一つの、石塊を崖から下の線路の上へ蹴落して了いました。若しあそこを列車が通ればきっと脱線します。悪くすると谷間へ落ちる様なことがないとも限りません。私はその石をとりのけ様と色々道を探したのですけれど、何分不案内の山のことですから、どうにもあの高い崖を下る方法がないのです。で、ぐずぐずしているよりはと思って、ここへ駈けつけた次第ですが、どうでしょう。至急あれを、取りのけて頂く訳には行きませんでしょうか」
　と如何にも心配そうな顔をして申しました。すると駅長は驚いて、
「それは大変だ、今下り列車が通過した処ところです。普通ならあの辺はもう通り過ぎて了った頃ですが……」
　というのです。それが私の思う壺でした。そうした問答を繰り返している内に、列車顛覆死傷数知らずという報告が、僅かに危地を脱して駈けつけた、その下り列車の車掌によって齎もたらされました。さあ大騒ぎです。
　私は行がかり上一晩Ｍの警察署へ引ぱられましたが、考えに考えてやった仕事です。手落ちのあろう筈はありません。無論私は大変叱られはしましたけれど、別に処罰を受ける程のこともないのでした。あとで聞きますと、その時の私の行為は刑法第百二十九条とかにさえ、それは五百円以下の罰金刑に過ぎないのですが、あてはまらなかったのだそうです。そういう訳で、私は一つの石塊によって、少しも罰せられることなしに、エーとあれは、そうです、十七人でした。十七人の命を奪うことに成功したのでした。
　皆さん。私はこんな風にして九十九人の人命を奪った男なのです。そして、少しでも悔ゆる所か、そんな血腥い刺戟にすら、もう飽きあきして了って、今度は自分自身の命を犠牲にしようとしている男なのです。皆さんは、余りにも残酷な私の所行しょぎょうに、それその様に眉をしかめていらっしゃいます。そうです。これらは普通の人には想像もつかぬ極悪非道の行いに相違ありません。ですが、そういう大罪悪を犯してまで免のがれ度い程の、ひどいひどい退屈を感じなければならなかったこの私の心持も、少しはお察しが願い度いのです、私という男は、そんな悪事をでも企らむ他には、何一つ此人生に生甲斐を発見することが出来なかったのです。皆さんどうか御判断なすって下さい。私は狂人なのでしょうか。あの殺人狂とでもいうものなのでしょうか。

　斯様かようにして今夜の話手の、物凄くも奇怪極まる身の上話は終った。彼は幾分血走った、そして白眼勝ちにドロンとした狂人らしい目で、私達聴者ききての顔を一人一人見廻すのだった。併し誰一人之これに答えて批判の口を開くものもなかった。そこには、ただ薄気味悪くチロチロと瞬またたく蝋燭の焔に照らし出された、七人の上気した顔が、微動さえしないで並んでいた。
　ふと、ドアのあたりの垂絹の表に、チカリと光ったものがあった。見ていると、その銀色に光ったものが、段々大きくなっていた。それは銀色の丸いもので、丁度満月が密雲を破って現れる様に、赤い垂絹の間から、徐々に全まったき円形を作りながら現われているのであった。私は最初の瞬間から、それが給仕女の両手に捧げられた、我々の飲物を運ぶ大きな銀盆であることを知っていた。でも、不思議にも万象を夢幻化しないでは置かぬこの「赤い部屋」の空気は、その世の常の銀盆を、何かサロメ劇の古井戸の中から奴隷がヌッとつき出す所の、あの予言者の生首の載せられた銀盆の様にも幻想せしめるのであった。そして、銀盆が垂絹から出切って了うと、その後から、青竜刀せいりゅうとうの様な幅の広い、ギラギラしたダンビラが、ニョイと出て来るのではないかとさえ思われるのであった。
　だが、そこからは、唇の厚い半裸体の奴隷の代りに、いつもの美しい給仕女が現れた。そして、彼女がさも快活に七人の男の間を立廻って、飲物を配り始めると、その、世間とはまるでかけ離れた幻の部屋に、世間の風が吹き込んで来た様で、何となく不調和な気がし出した。彼女は、この家の階下のレストランの、華やかな歌舞と乱酔とキャアという様な若い女のしだらない悲鳴などを、フワフワとその身辺に漂わせていた。
「そうら、射つよ」
　突然Ｔが、今までの話声と少しも違わない落着いた調子で云った。そして、右手を懐中へ入れると、一つのキラキラ光る物体を取出して、ヌーッと給仕女の方へさし向けた。
　アッという私達の声と、バン……というピストルの音と、キャッとたまぎる女の叫びと、それが殆ど同時だった。
　無論私達は一斉に席から立上った。併しああ何という仕合せなことであったか、射たれた女は何事もなく、ただこれのみは無慚むざんにも射ちくだかれた飲物の器を前にして、ボンヤリと立っているではないか。
「ワハハハハ……」Ｔ氏が狂人の様に笑い出した。
「おもちゃだよ、おもちゃだよ。アハハハ……。花ちゃんまんまと一杯食ったね。ハハハ……」
　では、今なおＴ氏の右手に白煙をはいているあのピストルは、玩具に過ぎなかったのか。
「まあ、びっくりした……。それ、おもちゃなの？」Ｔとは以前からお馴染なじみらしい給仕女は、でもまだ脣くちびるの色はなかったが、そういいながらＴ氏の方へ近づいた。
「どれ、貸して御覧なさいよ。まあ、ほんものそっくりだわね」
　彼女は、てれかくしの様に、その玩具だという六連発を手にとって、と見こうみしていたが、やがて、
「くやしいから、じゃ、あたしも射ってあげるわ」
　いうかと思うと、彼女は左腕を曲げて、その上にピストルの筒口を置き、生意気な恰好でＴ氏の胸に狙いを定めた。
「君に射てるなら、射ってごらん」Ｔ氏はニヤニヤ笑いながら、からかう様に云った。
「うてなくってさ」
　バン……前よりは一層鋭い銃声が部屋中に鳴り響いた。
「ウウウウ……」何とも云えぬ気味の悪い唸声うなりごえがしたかと思うと、Ｔ氏がヌッと椅子から立上って、バッタリと床の上へ倒れた。そして、手足をバタバタやりながら、苦悶くもんし始めた。
　冗談か、冗談にしては余りにも真に迫ったもがき様ではないか。
　私達は思わず彼のまわりへ走りよった。隣席となりにいた一人が、卓上の燭台をとって苦悶者の上にさしつけた。見ると、Ｔ氏は蒼白な顔を痙攣させて、丁度傷ついた蚯蚓みみずが、クネクネはね廻る様な工合に、身体中の筋肉を伸ばしたり縮めたりしながら、夢中になってもがいていた。そしてだらしなくはだかったその胸の、黒く見える傷口からは彼が動く度に、タラリタラリとまっ紅かな血が、白い皮膚を伝って流れていた。
　玩具と見せた六連発の第二発目には実弾が装填してあったのだ。
　私達は、長い間、ボンヤリそこに立ったまま、誰一人身動きするものもなかった。奇怪な物語りの後のこの出来事は、私達に余りにも烈しい衝動を与えたのだ。それは時計の目盛から云えば、ほんの僅かな時間だったかも知れない。けれども、少くともその時の私には、私達がそうして何もしないで立っている間が、非常に長い様に思われた。なぜならば、その咄嗟とっさの場合に、苦悶している負傷者を前にして、私の頭には次の様な推理の働く余裕が十分あったのだから。
「意外な出来事に相違ない。併し、よく考えて見ると、これは最初からちゃんと、Ｔの今夜のプログラムに書いてあった事柄なのではあるまいか。彼は九十九人までは他人を殺したけれど、最後の百人目だけは自分自身の為に残して置いたのではないだろうか。そして、そういうことには最もふさわしいこの『赤い部屋』を、最後の死に場所に選んだのではあるまいか、これは、この男の奇怪極る性質を考え合せると、まんざら見当はずれの想像でもないのだ。そうだ。あの、ピストルを玩具だと信じさせて置いて、給仕女に発砲させた技巧などは、他の殺人の場合と共通の、彼独特のやり方ではないか。こうして置けば、下手人の給仕女は少しも罰せられる心配はない。そこには私達六人もの証人があるのだ、つまり、Ｔは彼が他人に対してやったと同じ方法を、加害者は少しも罪にならぬ方法を、彼自身に応用したものではないか」
　私の外の人達も、皆夫々それぞれの感慨に耽っている様に見えた。そして、それは恐らく私のものと同じだったかも知れない。実際、この場合、そうとより他には考え方がないのだから。
　恐ろしい沈黙が一座を支配していた。そこには、うっぷした給仕女の、さも悲しげにすすり泣く声が、しめやかに聞えているばかりだった。「赤い部屋」の蝋燭の光に照らし出された、この一場の悲劇の場面は、この世の出来事としては余りにも夢幻的に見えた。
「ククククク……」
　突如、女のすすり泣の外に、もう一つの異様な声が聞えて来た。それは、最早や藻掻もがくことを止めて、ぐったりと死人の様に横わっていた、Ｔ氏の口から洩もれるらしく感じられた。氷の様な戦慄が私の背中を這い上った。
「クックックックッ……」
　その声は見る見る大きくなって行った。そして、ハッと思う間に、瀕死ひんしのＴ氏の身体からだがヒョロヒョロと立上った。立上ってもまだ「クックックックッ」という変な声はやまなかった。それは胸の底からしぼり出される苦痛の唸り声の様でもあった。だが……、若しや……オオ、矢張やはりそうだったのか、彼は意外にも、さい前ぜんから耐らないおかしさをじっと噛み殺していたのだった。「皆さん」彼はもう大声に笑い出しながら叫んだ。「皆さん。分りましたか、これが」
　すると、ああ、これは又どうしたことであろう。今の今まであの様に泣入っていた給仕女が、いきなり快活に立上ったかと思うと、もうもう耐らないという様に、身体をくの字にして、これも亦また笑いこけるのだった。
「これはね」やがてＴ氏は、あっけにとられた私達の前に、一つの小さな円筒形のものを、掌にのせてさし出しながら説明した。「牛の膀胱ぼうこうで作った弾丸たまなのですよ。中に赤インキが一杯入れてあって、命中すれば、それが流れ出す仕掛けです。それからね。この弾丸が偽物だったと同じ様に、さっきからの私の身の上話というものはね、始めから了いまで、みんな作りごとなんですよ。でも、私はこれで、仲々お芝居はうまいものでしょう……。さて、退屈屋の皆さん。こんなことでは、皆さんが始終お求めなすっている、あの刺戟とやらにはなりませんでしょうかしら……」
　彼がこう種明しをしている間に、今まで彼の助手を勤めた給仕女の気転で階下のスイッチがひねられたのであろう、突如真昼の様な電燈の光が、私達の目を眩惑げんわくさせた。そして、その白く明るい光線は、忽ちにして、部屋の中に漂っていた、あの夢幻的な空気を一掃してしまった。そこには、曝露ばくろされた手品の種が、醜いむくろを曝していた。緋色の垂絹にしろ、緋色の絨氈にしろ、同じ卓子掛テーブルかけや肘掛椅子、はては、あのよしありげな銀の燭台までが、何とみすぼらしく見えたことよ。「赤い部屋」の中には、どこの隅を探して見ても、最早や、夢も幻も、影さえ止とどめていないのだった。",赤い部屋